Make,Model,Year,Vendor,MPN,AD Item Number,NI#,REF#,OEM#,VENDOR NOTES
YAMAHA,"VENTURE, GT",2007,NACH,06-183,62-06004,06-183,,90150-05024-00,"3PCS SCREW
3PCS RUBBER NUT
9.5MM OD"
YAMAHA,"VENTURE, GT",2007,NACH,06-183,62-06004,06-183,,90179-05523-00,"3PCS SCREW
3PCS RUBBER NUT
9.5MM OD"
YAMAHA,VENTURE 500 ,1997,NACH,06-183,62-06004,06-183,,90150-05024-00,"3PCS SCREW
3PCS RUBBER NUT
9.5MM OD"
YAMAHA,VENTURE 500 ,1997,NACH,06-183,62-06004,06-183,,90179-05523-00,"3PCS SCREW
3PCS RUBBER NUT
9.5MM OD"
YAMAHA,VENTURE 500 ,1998,NACH,06-183,62-06004,06-183,,90150-05024-00,"3PCS SCREW
3PCS RUBBER NUT
9.5MM OD"
YAMAHA,VENTURE 500 ,1998,NACH,06-183,62-06004,06-183,,90179-05523-00,"3PCS SCREW
3PCS RUBBER NUT
9.5MM OD"
YAMAHA,VENTURE 500 ,1999,NACH,06-183,62-06004,06-183,,90150-05024-00,"3PCS SCREW
3PCS RUBBER NUT
9.5MM OD"
YAMAHA,VENTURE 500 ,1999,NACH,06-183,62-06004,06-183,,90179-05523-00,"3PCS SCREW
3PCS RUBBER NUT
9.5MM OD"
YAMAHA,VENTURE 500 ,2000,NACH,06-183,62-06004,06-183,,90150-05024-00,"3PCS SCREW
3PCS RUBBER NUT
9.5MM OD"
YAMAHA,VENTURE 500 ,2000,NACH,06-183,62-06004,06-183,,90179-05523-00,"3PCS SCREW
3PCS RUBBER NUT
9.5MM OD"
YAMAHA,VENTURE 500 ,2001,NACH,06-183,62-06004,06-183,,90150-05024-00,"3PCS SCREW
3PCS RUBBER NUT
9.5MM OD"
YAMAHA,VENTURE 500 ,2001,NACH,06-183,62-06004,06-183,,90179-05523-00,"3PCS SCREW
3PCS RUBBER NUT
9.5MM OD"
YAMAHA,V-MAX500 ,1997,NACH,06-183,62-06004,06-183,,90150-05024-00,"3PCS SCREW
3PCS RUBBER NUT
9.5MM OD"
YAMAHA,V-MAX500 ,1997,NACH,06-183,62-06004,06-183,,90179-05523-00,"3PCS SCREW
3PCS RUBBER NUT
9.5MM OD"
YAMAHA,V-MAX500 ,1998,NACH,06-183,62-06004,06-183,,90150-05024-00,"3PCS SCREW
3PCS RUBBER NUT
9.5MM OD"
YAMAHA,V-MAX500 ,1998,NACH,06-183,62-06004,06-183,,90179-05523-00,"3PCS SCREW
3PCS RUBBER NUT
9.5MM OD"
YAMAHA,V-MAX500 ,1999,NACH,06-183,62-06004,06-183,,90150-05024-00,"3PCS SCREW
3PCS RUBBER NUT
9.5MM OD"
YAMAHA,V-MAX500 ,1999,NACH,06-183,62-06004,06-183,,90179-05523-00,"3PCS SCREW
3PCS RUBBER NUT
9.5MM OD"
YAMAHA,V-MAX500 ,2000,NACH,06-183,62-06004,06-183,,90150-05024-00,"3PCS SCREW
3PCS RUBBER NUT
9.5MM OD"
YAMAHA,V-MAX500 ,2000,NACH,06-183,62-06004,06-183,,90179-05523-00,"3PCS SCREW
3PCS RUBBER NUT
9.5MM OD"
YAMAHA,V-MAX500 ,2001,NACH,06-183,62-06004,06-183,,90150-05024-00,"3PCS SCREW
3PCS RUBBER NUT
9.5MM OD"
YAMAHA,V-MAX500 ,2001,NACH,06-183,62-06004,06-183,,90179-05523-00,"3PCS SCREW
3PCS RUBBER NUT
9.5MM OD"
YAMAHA,V-MAX 700,1997,NACH,06-183,62-06004,06-183,,90150-05024-00,"3PCS SCREW
3PCS RUBBER NUT
9.5MM OD"
YAMAHA,V-MAX 700,1997,NACH,06-183,62-06004,06-183,,90179-05523-00,"3PCS SCREW
3PCS RUBBER NUT
9.5MM OD"
YAMAHA,V-MAX 700,1998,NACH,06-183,62-06004,06-183,,90150-05024-00,"3PCS SCREW
3PCS RUBBER NUT
9.5MM OD"
YAMAHA,V-MAX 700,1998,NACH,06-183,62-06004,06-183,,90179-05523-00,"3PCS SCREW
3PCS RUBBER NUT
9.5MM OD"
YAMAHA,V-MAX 700,1999,NACH,06-183,62-06004,06-183,,90150-05024-00,"3PCS SCREW
3PCS RUBBER NUT
9.5MM OD"
YAMAHA,V-MAX 700,1999,NACH,06-183,62-06004,06-183,,90179-05523-00,"3PCS SCREW
3PCS RUBBER NUT
9.5MM OD"
YAMAHA,V-MAX 700,2000,NACH,06-183,62-06004,06-183,,90150-05024-00,"3PCS SCREW
3PCS RUBBER NUT
9.5MM OD"
YAMAHA,V-MAX 700,2000,NACH,06-183,62-06004,06-183,,90179-05523-00,"3PCS SCREW
3PCS RUBBER NUT
9.5MM OD"
YAMAHA,V-MAX 700,2001,NACH,06-183,62-06004,06-183,,90150-05024-00,"3PCS SCREW
3PCS RUBBER NUT
9.5MM OD"
YAMAHA,V-MAX 700,2001,NACH,06-183,62-06004,06-183,,90179-05523-00,"3PCS SCREW
3PCS RUBBER NUT
9.5MM OD"
YAMAHA,V-MAX 700,2002,NACH,06-183,62-06004,06-183,,90150-05024-00,"3PCS SCREW
3PCS RUBBER NUT
9.5MM OD"
YAMAHA,V-MAX 700,2002,NACH,06-183,62-06004,06-183,,90179-05523-00,"3PCS SCREW
3PCS RUBBER NUT
9.5MM OD"
YAMAHA,MOUNTIAN MAX 600,1997,NACH,06-183,62-06004,06-183,,90150-05024-00,"3PCS SCREW
3PCS RUBBER NUT
9.5MM OD"
YAMAHA,MOUNTIAN MAX 600,1997,NACH,06-183,62-06004,06-183,,90179-05523-00,"3PCS SCREW
3PCS RUBBER NUT
9.5MM OD"
YAMAHA,MOUNTIAN MAX 600,1998,NACH,06-183,62-06004,06-183,,90150-05024-00,"3PCS SCREW
3PCS RUBBER NUT
9.5MM OD"
YAMAHA,MOUNTIAN MAX 600,1998,NACH,06-183,62-06004,06-183,,90179-05523-00,"3PCS SCREW
3PCS RUBBER NUT
9.5MM OD"
YAMAHA,MOUNTIAN MAX 600,1999,NACH,06-183,62-06004,06-183,,90150-05024-00,"3PCS SCREW
3PCS RUBBER NUT
9.5MM OD"
YAMAHA,MOUNTIAN MAX 600,1999,NACH,06-183,62-06004,06-183,,90179-05523-00,"3PCS SCREW
3PCS RUBBER NUT
9.5MM OD"
YAMAHA,MOUNTIAN MAX 600,2000,NACH,06-183,62-06004,06-183,,90150-05024-00,"3PCS SCREW
3PCS RUBBER NUT
9.5MM OD"
YAMAHA,MOUNTIAN MAX 600,2000,NACH,06-183,62-06004,06-183,,90179-05523-00,"3PCS SCREW
3PCS RUBBER NUT
9.5MM OD"
YAMAHA,MOUNTIAN MAX 600,2001,NACH,06-183,62-06004,06-183,,90150-05024-00,"3PCS SCREW
3PCS RUBBER NUT
9.5MM OD"
YAMAHA,MOUNTIAN MAX 600,2001,NACH,06-183,62-06004,06-183,,90179-05523-00,"3PCS SCREW
3PCS RUBBER NUT
9.5MM OD"
YAMAHA,MOUNTIAN MAX 600,2002,NACH,06-183,62-06004,06-183,,90150-05024-00,"3PCS SCREW
3PCS RUBBER NUT
9.5MM OD"
YAMAHA,MOUNTIAN MAX 600,2002,NACH,06-183,62-06004,06-183,,90179-05523-00,"3PCS SCREW
3PCS RUBBER NUT
9.5MM OD"
YAMAHA,MOUNTIAN MAX 600,2003,NACH,06-183,62-06004,06-183,,90150-05024-00,"3PCS SCREW
3PCS RUBBER NUT
9.5MM OD"
YAMAHA,MOUNTIAN MAX 600,2003,NACH,06-183,62-06004,06-183,,90179-05523-00,"3PCS SCREW
3PCS RUBBER NUT
9.5MM OD"
YAMAHA,MOUNTIAN MAX 700,1997,NACH,06-183,62-06004,06-183,,90150-05024-00,"3PCS SCREW
3PCS RUBBER NUT
9.5MM OD"
YAMAHA,MOUNTIAN MAX 700,1997,NACH,06-183,62-06004,06-183,,90179-05523-00,"3PCS SCREW
3PCS RUBBER NUT
9.5MM OD"
YAMAHA,MOUNTIAN MAX 700,1998,NACH,06-183,62-06004,06-183,,90150-05024-00,"3PCS SCREW
3PCS RUBBER NUT
9.5MM OD"
YAMAHA,MOUNTIAN MAX 700,1998,NACH,06-183,62-06004,06-183,,90179-05523-00,"3PCS SCREW
3PCS RUBBER NUT
9.5MM OD"
YAMAHA,MOUNTIAN MAX 700,1999,NACH,06-183,62-06004,06-183,,90150-05024-00,"3PCS SCREW
3PCS RUBBER NUT
9.5MM OD"
YAMAHA,MOUNTIAN MAX 700,1999,NACH,06-183,62-06004,06-183,,90179-05523-00,"3PCS SCREW
3PCS RUBBER NUT
9.5MM OD"
YAMAHA,MOUNTIAN MAX 700,2000,NACH,06-183,62-06004,06-183,,90150-05024-00,"3PCS SCREW
3PCS RUBBER NUT
9.5MM OD"
YAMAHA,MOUNTIAN MAX 700,2000,NACH,06-183,62-06004,06-183,,90179-05523-00,"3PCS SCREW
3PCS RUBBER NUT
9.5MM OD"
YAMAHA,MOUNTIAN MAX 700,2001,NACH,06-183,62-06004,06-183,,90150-05024-00,"3PCS SCREW
3PCS RUBBER NUT
9.5MM OD"
YAMAHA,MOUNTIAN MAX 700,2001,NACH,06-183,62-06004,06-183,,90179-05523-00,"3PCS SCREW
3PCS RUBBER NUT
9.5MM OD"
YAMAHA,MOUNTIAN MAX 700,2002,NACH,06-183,62-06004,06-183,,90150-05024-00,"3PCS SCREW
3PCS RUBBER NUT
9.5MM OD"
YAMAHA,MOUNTIAN MAX 700,2002,NACH,06-183,62-06004,06-183,,90179-05523-00,"3PCS SCREW
3PCS RUBBER NUT
9.5MM OD"
YAMAHA,MOUNTIAN MAX 700,2003,NACH,06-183,62-06004,06-183,,90150-05024-00,"3PCS SCREW
3PCS RUBBER NUT
9.5MM OD"
YAMAHA,MOUNTIAN MAX 700,2003,NACH,06-183,62-06004,06-183,,90179-05523-00,"3PCS SCREW
3PCS RUBBER NUT
9.5MM OD"
YAMAHA,VENTURE 600 ,1997,NACH,06-183,62-06004,06-183,,90150-05024-00,"3PCS SCREW
3PCS RUBBER NUT
9.5MM OD"
YAMAHA,VENTURE 600 ,1997,NACH,06-183,62-06004,06-183,,90179-05523-00,"3PCS SCREW
3PCS RUBBER NUT
9.5MM OD"
YAMAHA,VENTURE 600 ,1998,NACH,06-183,62-06004,06-183,,90150-05024-00,"3PCS SCREW
3PCS RUBBER NUT
9.5MM OD"
YAMAHA,VENTURE 600 ,1998,NACH,06-183,62-06004,06-183,,90179-05523-00,"3PCS SCREW
3PCS RUBBER NUT
9.5MM OD"
YAMAHA,VENTURE 600 ,1999,NACH,06-183,62-06004,06-183,,90150-05024-00,"3PCS SCREW
3PCS RUBBER NUT
9.5MM OD"
YAMAHA,VENTURE 600 ,1999,NACH,06-183,62-06004,06-183,,90179-05523-00,"3PCS SCREW
3PCS RUBBER NUT
9.5MM OD"
YAMAHA,VENTURE 600 ,2000,NACH,06-183,62-06004,06-183,,90150-05024-00,"3PCS SCREW
3PCS RUBBER NUT
9.5MM OD"
YAMAHA,VENTURE 600 ,2000,NACH,06-183,62-06004,06-183,,90179-05523-00,"3PCS SCREW
3PCS RUBBER NUT
9.5MM OD"
YAMAHA,VENTURE 600 ,2001,NACH,06-183,62-06004,06-183,,90150-05024-00,"3PCS SCREW
3PCS RUBBER NUT
9.5MM OD"
YAMAHA,VENTURE 600 ,2001,NACH,06-183,62-06004,06-183,,90179-05523-00,"3PCS SCREW
3PCS RUBBER NUT
9.5MM OD"
YAMAHA,VENTURE 600 ,2002,NACH,06-183,62-06004,06-183,,90150-05024-00,"3PCS SCREW
3PCS RUBBER NUT
9.5MM OD"
YAMAHA,VENTURE 600 ,2002,NACH,06-183,62-06004,06-183,,90179-05523-00,"3PCS SCREW
3PCS RUBBER NUT
9.5MM OD"
YAMAHA,VENTURE 600 ,2003,NACH,06-183,62-06004,06-183,,90150-05024-00,"3PCS SCREW
3PCS RUBBER NUT
9.5MM OD"
YAMAHA,VENTURE 600 ,2003,NACH,06-183,62-06004,06-183,,90179-05523-00,"3PCS SCREW
3PCS RUBBER NUT
9.5MM OD"
YAMAHA,V-MAX 600 ,1997,NACH,06-183,62-06004,06-183,,90150-05024-00,"3PCS SCREW
3PCS RUBBER NUT
9.5MM OD"
YAMAHA,V-MAX 600 ,1997,NACH,06-183,62-06004,06-183,,90179-05523-00,"3PCS SCREW
3PCS RUBBER NUT
9.5MM OD"
YAMAHA,V-MAX 600 ,1998,NACH,06-183,62-06004,06-183,,90150-05024-00,"3PCS SCREW
3PCS RUBBER NUT
9.5MM OD"
YAMAHA,V-MAX 600 ,1998,NACH,06-183,62-06004,06-183,,90179-05523-00,"3PCS SCREW
3PCS RUBBER NUT
9.5MM OD"
YAMAHA,V-MAX 600 ,1999,NACH,06-183,62-06004,06-183,,90150-05024-00,"3PCS SCREW
3PCS RUBBER NUT
9.5MM OD"
YAMAHA,V-MAX 600 ,1999,NACH,06-183,62-06004,06-183,,90179-05523-00,"3PCS SCREW
3PCS RUBBER NUT
9.5MM OD"
YAMAHA,V-MAX 600 ,2000,NACH,06-183,62-06004,06-183,,90150-05024-00,"3PCS SCREW
3PCS RUBBER NUT
9.5MM OD"
YAMAHA,V-MAX 600 ,2000,NACH,06-183,62-06004,06-183,,90179-05523-00,"3PCS SCREW
3PCS RUBBER NUT
9.5MM OD"
YAMAHA,V-MAX 600 ,2001,NACH,06-183,62-06004,06-183,,90150-05024-00,"3PCS SCREW
3PCS RUBBER NUT
9.5MM OD"
YAMAHA,V-MAX 600 ,2001,NACH,06-183,62-06004,06-183,,90179-05523-00,"3PCS SCREW
3PCS RUBBER NUT
9.5MM OD"
YAMAHA,V-MAX 600 ,2002,NACH,06-183,62-06004,06-183,,90150-05024-00,"3PCS SCREW
3PCS RUBBER NUT
9.5MM OD"
YAMAHA,V-MAX 600 ,2002,NACH,06-183,62-06004,06-183,,90179-05523-00,"3PCS SCREW
3PCS RUBBER NUT
9.5MM OD"
YAMAHA,V-MAX 600 ,2003,NACH,06-183,62-06004,06-183,,90150-05024-00,"3PCS SCREW
3PCS RUBBER NUT
9.5MM OD"
YAMAHA,V-MAX 600 ,2003,NACH,06-183,62-06004,06-183,,90179-05523-00,"3PCS SCREW
3PCS RUBBER NUT
9.5MM OD"
YAMAHA,VENTURE 700 ,1998,NACH,06-183,62-06004,06-183,,90150-05024-00,"3PCS SCREW
3PCS RUBBER NUT
9.5MM OD"
YAMAHA,VENTURE 700 ,1998,NACH,06-183,62-06004,06-183,,90179-05523-00,"3PCS SCREW
3PCS RUBBER NUT
9.5MM OD"
YAMAHA,VENTURE 700 ,1999,NACH,06-183,62-06004,06-183,,90150-05024-00,"3PCS SCREW
3PCS RUBBER NUT
9.5MM OD"
YAMAHA,VENTURE 700 ,1999,NACH,06-183,62-06004,06-183,,90179-05523-00,"3PCS SCREW
3PCS RUBBER NUT
9.5MM OD"
YAMAHA,VENTURE 700 ,2000,NACH,06-183,62-06004,06-183,,90150-05024-00,"3PCS SCREW
3PCS RUBBER NUT
9.5MM OD"
YAMAHA,VENTURE 700 ,2000,NACH,06-183,62-06004,06-183,,90179-05523-00,"3PCS SCREW
3PCS RUBBER NUT
9.5MM OD"
YAMAHA,VENTURE 700 ,2001,NACH,06-183,62-06004,06-183,,90150-05024-00,"3PCS SCREW
3PCS RUBBER NUT
9.5MM OD"
YAMAHA,VENTURE 700 ,2001,NACH,06-183,62-06004,06-183,,90179-05523-00,"3PCS SCREW
3PCS RUBBER NUT
9.5MM OD"
YAMAHA,VENTURE 700 ,2002,NACH,06-183,62-06004,06-183,,90150-05024-00,"3PCS SCREW
3PCS RUBBER NUT
9.5MM OD"
YAMAHA,VENTURE 700 ,2002,NACH,06-183,62-06004,06-183,,90179-05523-00,"3PCS SCREW
3PCS RUBBER NUT
9.5MM OD"
YAMAHA,PHAZER ,1999,NACH,06-183,62-06004,06-183,,90150-05024-00,"3PCS SCREW
3PCS RUBBER NUT
9.5MM OD"
YAMAHA,PHAZER ,1999,NACH,06-183,62-06004,06-183,,90179-05523-00,"3PCS SCREW
3PCS RUBBER NUT
9.5MM OD"
YAMAHA,PHAZER ,2000,NACH,06-183,62-06004,06-183,,90150-05024-00,"3PCS SCREW
3PCS RUBBER NUT
9.5MM OD"
YAMAHA,PHAZER ,2000,NACH,06-183,62-06004,06-183,,90179-05523-00,"3PCS SCREW
3PCS RUBBER NUT
9.5MM OD"
YAMAHA,PHAZER ,2001,NACH,06-183,62-06004,06-183,,90150-05024-00,"3PCS SCREW
3PCS RUBBER NUT
9.5MM OD"
YAMAHA,PHAZER ,2001,NACH,06-183,62-06004,06-183,,90179-05523-00,"3PCS SCREW
3PCS RUBBER NUT
9.5MM OD"
YAMAHA,"RX-1, MTN",2003,NACH,06-183,62-06004,06-183,,90150-05024-00,"3PCS SCREW
3PCS RUBBER NUT
9.5MM OD"
YAMAHA,"RX-1, MTN",2003,NACH,06-183,62-06004,06-183,,90179-05523-00,"3PCS SCREW
3PCS RUBBER NUT
9.5MM OD"
YAMAHA,"RX-1, MTN",2004,NACH,06-183,62-06004,06-183,,90150-05024-00,"3PCS SCREW
3PCS RUBBER NUT
9.5MM OD"
YAMAHA,"RX-1, MTN",2004,NACH,06-183,62-06004,06-183,,90179-05523-00,"3PCS SCREW
3PCS RUBBER NUT
9.5MM OD"
YAMAHA,"RX-1, MTN",2005,NACH,06-183,62-06004,06-183,,90150-05024-00,"3PCS SCREW
3PCS RUBBER NUT
9.5MM OD"
YAMAHA,"RX-1, MTN",2005,NACH,06-183,62-06004,06-183,,90179-05523-00,"3PCS SCREW
3PCS RUBBER NUT
9.5MM OD"
YAMAHA,RX WARRIOR,2004,NACH,06-183,62-06004,06-183,,90150-05024-00,"3PCS SCREW
3PCS RUBBER NUT
9.5MM OD"
YAMAHA,RX WARRIOR,2004,NACH,06-183,62-06004,06-183,,90179-05523-00,"3PCS SCREW
3PCS RUBBER NUT
9.5MM OD"
YAMAHA,RX WARRIOR,2005,NACH,06-183,62-06004,06-183,,90150-05024-00,"3PCS SCREW
3PCS RUBBER NUT
9.5MM OD"
YAMAHA,RX WARRIOR,2005,NACH,06-183,62-06004,06-183,,90179-05523-00,"3PCS SCREW
3PCS RUBBER NUT
9.5MM OD"
YAMAHA,RAGE,2005,NACH,06-183,62-06004,06-183,,90150-05024-00,"3PCS SCREW
3PCS RUBBER NUT
9.5MM OD"
YAMAHA,RAGE,2005,NACH,06-183,62-06004,06-183,,90179-05523-00,"3PCS SCREW
3PCS RUBBER NUT
9.5MM OD"
YAMAHA,RAGE,2006,NACH,06-183,62-06004,06-183,,90150-05024-00,"3PCS SCREW
3PCS RUBBER NUT
9.5MM OD"
YAMAHA,RAGE,2006,NACH,06-183,62-06004,06-183,,90179-05523-00,"3PCS SCREW
3PCS RUBBER NUT
9.5MM OD"
YAMAHA,RAGE,2007,NACH,06-183,62-06004,06-183,,90150-05024-00,"3PCS SCREW
3PCS RUBBER NUT
9.5MM OD"
YAMAHA,RAGE,2007,NACH,06-183,62-06004,06-183,,90179-05523-00,"3PCS SCREW
3PCS RUBBER NUT
9.5MM OD"
YAMAHA,RS CEVTOR MTN,2005,NACH,06-183,62-06004,06-183,,90150-05024-00,"3PCS SCREW
3PCS RUBBER NUT
9.5MM OD"
YAMAHA,RS CEVTOR MTN,2005,NACH,06-183,62-06004,06-183,,90179-05523-00,"3PCS SCREW
3PCS RUBBER NUT
9.5MM OD"
YAMAHA,RS CEVTOR MTN,2006,NACH,06-183,62-06004,06-183,,90150-05024-00,"3PCS SCREW
3PCS RUBBER NUT
9.5MM OD"
YAMAHA,RS CEVTOR MTN,2006,NACH,06-183,62-06004,06-183,,90179-05523-00,"3PCS SCREW
3PCS RUBBER NUT
9.5MM OD"
YAMAHA,RS CEVTOR MTN,2007,NACH,06-183,62-06004,06-183,,90150-05024-00,"3PCS SCREW
3PCS RUBBER NUT
9.5MM OD"
YAMAHA,RS CEVTOR MTN,2007,NACH,06-183,62-06004,06-183,,90179-05523-00,"3PCS SCREW
3PCS RUBBER NUT
9.5MM OD"
YAMAHA,RS CEVTOR MTN,2008,NACH,06-183,62-06004,06-183,,90150-05024-00,"3PCS SCREW
3PCS RUBBER NUT
9.5MM OD"
YAMAHA,RS CEVTOR MTN,2008,NACH,06-183,62-06004,06-183,,90179-05523-00,"3PCS SCREW
3PCS RUBBER NUT
9.5MM OD"
YAMAHA,RS CEVTOR MTN,2009,NACH,06-183,62-06004,06-183,,90150-05024-00,"3PCS SCREW
3PCS RUBBER NUT
9.5MM OD"
YAMAHA,RS CEVTOR MTN,2009,NACH,06-183,62-06004,06-183,,90179-05523-00,"3PCS SCREW
3PCS RUBBER NUT
9.5MM OD"
YAMAHA,RS CEVTOR MTN,2010,NACH,06-183,62-06004,06-183,,90150-05024-00,"3PCS SCREW
3PCS RUBBER NUT
9.5MM OD"
YAMAHA,RS CEVTOR MTN,2010,NACH,06-183,62-06004,06-183,,90179-05523-00,"3PCS SCREW
3PCS RUBBER NUT
9.5MM OD"
YAMAHA,RS CEVTOR MTN,2011,NACH,06-183,62-06004,06-183,,90150-05024-00,"3PCS SCREW
3PCS RUBBER NUT
9.5MM OD"
YAMAHA,RS CEVTOR MTN,2011,NACH,06-183,62-06004,06-183,,90179-05523-00,"3PCS SCREW
3PCS RUBBER NUT
9.5MM OD"
YAMAHA,RS VENTURE,2005,NACH,06-183,62-06004,06-183,,90150-05024-00,"3PCS SCREW
3PCS RUBBER NUT
9.5MM OD"
YAMAHA,RS VENTURE,2005,NACH,06-183,62-06004,06-183,,90179-05523-00,"3PCS SCREW
3PCS RUBBER NUT
9.5MM OD"
YAMAHA,RS VENTURE,2006,NACH,06-183,62-06004,06-183,,90150-05024-00,"3PCS SCREW
3PCS RUBBER NUT
9.5MM OD"
YAMAHA,RS VENTURE,2006,NACH,06-183,62-06004,06-183,,90179-05523-00,"3PCS SCREW
3PCS RUBBER NUT
9.5MM OD"
YAMAHA,RS VENTURE,2007,NACH,06-183,62-06004,06-183,,90150-05024-00,"3PCS SCREW
3PCS RUBBER NUT
9.5MM OD"
YAMAHA,RS VENTURE,2007,NACH,06-183,62-06004,06-183,,90179-05523-00,"3PCS SCREW
3PCS RUBBER NUT
9.5MM OD"
YAMAHA,RS VENTURE,2008,NACH,06-183,62-06004,06-183,,90150-05024-00,"3PCS SCREW
3PCS RUBBER NUT
9.5MM OD"
YAMAHA,RS VENTURE,2008,NACH,06-183,62-06004,06-183,,90179-05523-00,"3PCS SCREW
3PCS RUBBER NUT
9.5MM OD"
YAMAHA,RS VENTURE,2009,NACH,06-183,62-06004,06-183,,90150-05024-00,"3PCS SCREW
3PCS RUBBER NUT
9.5MM OD"
YAMAHA,RS VENTURE,2009,NACH,06-183,62-06004,06-183,,90179-05523-00,"3PCS SCREW
3PCS RUBBER NUT
9.5MM OD"
YAMAHA,RS VENTURE,2010,NACH,06-183,62-06004,06-183,,90150-05024-00,"3PCS SCREW
3PCS RUBBER NUT
9.5MM OD"
YAMAHA,RS VENTURE,2010,NACH,06-183,62-06004,06-183,,90179-05523-00,"3PCS SCREW
3PCS RUBBER NUT
9.5MM OD"
YAMAHA,RS VENTURE,2011,NACH,06-183,62-06004,06-183,,90150-05024-00,"3PCS SCREW
3PCS RUBBER NUT
9.5MM OD"
YAMAHA,RS VENTURE,2011,NACH,06-183,62-06004,06-183,,90179-05523-00,"3PCS SCREW
3PCS RUBBER NUT
9.5MM OD"
YAMAHA,ATTAK,2006,NACH,06-183,62-06004,06-183,,90150-05024-00,"3PCS SCREW
3PCS RUBBER NUT
9.5MM OD"
YAMAHA,ATTAK,2006,NACH,06-183,62-06004,06-183,,90179-05523-00,"3PCS SCREW
3PCS RUBBER NUT
9.5MM OD"
YAMAHA,ATTAK,2007,NACH,06-183,62-06004,06-183,,90150-05024-00,"3PCS SCREW
3PCS RUBBER NUT
9.5MM OD"
YAMAHA,ATTAK,2007,NACH,06-183,62-06004,06-183,,90179-05523-00,"3PCS SCREW
3PCS RUBBER NUT
9.5MM OD"
YAMAHA,VECTOR MTN,2006,NACH,06-183,62-06004,06-183,,90150-05024-00,"3PCS SCREW
3PCS RUBBER NUT
9.5MM OD"
YAMAHA,VECTOR MTN,2006,NACH,06-183,62-06004,06-183,,90179-05523-00,"3PCS SCREW
3PCS RUBBER NUT
9.5MM OD"
YAMAHA,VECTOR MTN,2007,NACH,06-183,62-06004,06-183,,90150-05024-00,"3PCS SCREW
3PCS RUBBER NUT
9.5MM OD"
YAMAHA,VECTOR MTN,2007,NACH,06-183,62-06004,06-183,,90179-05523-00,"3PCS SCREW
3PCS RUBBER NUT
9.5MM OD"
YAMAHA,NYTRO,2006,NACH,06-183,62-06004,06-183,,90150-05024-00,"3PCS SCREW
3PCS RUBBER NUT
9.5MM OD"
YAMAHA,NYTRO,2006,NACH,06-183,62-06004,06-183,,90179-05523-00,"3PCS SCREW
3PCS RUBBER NUT
9.5MM OD"
YAMAHA,NYTRO,2007,NACH,06-183,62-06004,06-183,,90150-05024-00,"3PCS SCREW
3PCS RUBBER NUT
9.5MM OD"
YAMAHA,NYTRO,2007,NACH,06-183,62-06004,06-183,,90179-05523-00,"3PCS SCREW
3PCS RUBBER NUT
9.5MM OD"
YAMAHA,NYTRO,2008,NACH,06-183,62-06004,06-183,,90150-05024-00,"3PCS SCREW
3PCS RUBBER NUT
9.5MM OD"
YAMAHA,NYTRO,2008,NACH,06-183,62-06004,06-183,,90179-05523-00,"3PCS SCREW
3PCS RUBBER NUT
9.5MM OD"
YAMAHA,VK PRO,2006,NACH,06-183,62-06004,06-183,,90150-05024-00,"3PCS SCREW
3PCS RUBBER NUT
9.5MM OD"
YAMAHA,VK PRO,2006,NACH,06-183,62-06004,06-183,,90179-05523-00,"3PCS SCREW
3PCS RUBBER NUT
9.5MM OD"
YAMAHA,VK PRO,2007,NACH,06-183,62-06004,06-183,,90150-05024-00,"3PCS SCREW
3PCS RUBBER NUT
9.5MM OD"
YAMAHA,VK PRO,2007,NACH,06-183,62-06004,06-183,,90179-05523-00,"3PCS SCREW
3PCS RUBBER NUT
9.5MM OD"
YAMAHA,VK PRO,2008,NACH,06-183,62-06004,06-183,,90150-05024-00,"3PCS SCREW
3PCS RUBBER NUT
9.5MM OD"
YAMAHA,VK PRO,2008,NACH,06-183,62-06004,06-183,,90179-05523-00,"3PCS SCREW
3PCS RUBBER NUT
9.5MM OD"
YAMAHA,VK PRO,2009,NACH,06-183,62-06004,06-183,,90150-05024-00,"3PCS SCREW
3PCS RUBBER NUT
9.5MM OD"
YAMAHA,VK PRO,2009,NACH,06-183,62-06004,06-183,,90179-05523-00,"3PCS SCREW
3PCS RUBBER NUT
9.5MM OD"
YAMAHA,VK PRO,2010,NACH,06-183,62-06004,06-183,,90150-05024-00,"3PCS SCREW
3PCS RUBBER NUT
9.5MM OD"
YAMAHA,VK PRO,2010,NACH,06-183,62-06004,06-183,,90179-05523-00,"3PCS SCREW
3PCS RUBBER NUT
9.5MM OD"
YAMAHA,APEX,2006,NACH,06-183,62-06004,06-183,,90150-05024-00,"3PCS SCREW
3PCS RUBBER NUT
9.5MM OD"
YAMAHA,APEX,2006,NACH,06-183,62-06004,06-183,,90179-05523-00,"3PCS SCREW
3PCS RUBBER NUT
9.5MM OD"
YAMAHA,APEX,2007,NACH,06-183,62-06004,06-183,,90150-05024-00,"3PCS SCREW
3PCS RUBBER NUT
9.5MM OD"
YAMAHA,APEX,2007,NACH,06-183,62-06004,06-183,,90179-05523-00,"3PCS SCREW
3PCS RUBBER NUT
9.5MM OD"
YAMAHA,APEX,2008,NACH,06-183,62-06004,06-183,,90150-05024-00,"3PCS SCREW
3PCS RUBBER NUT
9.5MM OD"
YAMAHA,APEX,2008,NACH,06-183,62-06004,06-183,,90179-05523-00,"3PCS SCREW
3PCS RUBBER NUT
9.5MM OD"
YAMAHA,APEX,2009,NACH,06-183,62-06004,06-183,,90150-05024-00,"3PCS SCREW
3PCS RUBBER NUT
9.5MM OD"
YAMAHA,APEX,2009,NACH,06-183,62-06004,06-183,,90179-05523-00,"3PCS SCREW
3PCS RUBBER NUT
9.5MM OD"
YAMAHA,APEX,2010,NACH,06-183,62-06004,06-183,,90150-05024-00,"3PCS SCREW
3PCS RUBBER NUT
9.5MM OD"
YAMAHA,APEX,2010,NACH,06-183,62-06004,06-183,,90179-05523-00,"3PCS SCREW
3PCS RUBBER NUT
9.5MM OD"
YAMAHA,APEX,2011,NACH,06-183,62-06004,06-183,,90150-05024-00,"3PCS SCREW
3PCS RUBBER NUT
9.5MM OD"
YAMAHA,APEX,2011,NACH,06-183,62-06004,06-183,,90179-05523-00,"3PCS SCREW
3PCS RUBBER NUT
9.5MM OD"
YAMAHA,APEX,2012,NACH,06-183,62-06004,06-183,,90150-05024-00,"3PCS SCREW
3PCS RUBBER NUT
9.5MM OD"
YAMAHA,APEX,2012,NACH,06-183,62-06004,06-183,,90179-05523-00,"3PCS SCREW
3PCS RUBBER NUT
9.5MM OD"
YAMAHA,PHAZER ,2007,NACH,06-183,62-06004,06-183,,90150-05024-00,"3PCS SCREW
3PCS RUBBER NUT
9.5MM OD"
YAMAHA,PHAZER ,2007,NACH,06-183,62-06004,06-183,,90179-05523-00,"3PCS SCREW
3PCS RUBBER NUT
9.5MM OD"
YAMAHA,PHAZER ,2008,NACH,06-183,62-06004,06-183,,90150-05024-00,"3PCS SCREW
3PCS RUBBER NUT
9.5MM OD"
YAMAHA,PHAZER ,2008,NACH,06-183,62-06004,06-183,,90179-05523-00,"3PCS SCREW
3PCS RUBBER NUT
9.5MM OD"
YAMAHA,PHAZER ,2009,NACH,06-183,62-06004,06-183,,90150-05024-00,"3PCS SCREW
3PCS RUBBER NUT
9.5MM OD"
YAMAHA,PHAZER ,2009,NACH,06-183,62-06004,06-183,,90179-05523-00,"3PCS SCREW
3PCS RUBBER NUT
9.5MM OD"
YAMAHA,PHAZER ,2010,NACH,06-183,62-06004,06-183,,90150-05024-00,"3PCS SCREW
3PCS RUBBER NUT
9.5MM OD"
YAMAHA,PHAZER ,2010,NACH,06-183,62-06004,06-183,,90179-05523-00,"3PCS SCREW
3PCS RUBBER NUT
9.5MM OD"
YAMAHA,VENTURE Lite ,2007,NACH,06-183,62-06004,06-183,,90150-05024-00,"3PCS SCREW
3PCS RUBBER NUT
9.5MM OD"
YAMAHA,VENTURE Lite ,2007,NACH,06-183,62-06004,06-183,,90179-05523-00,"3PCS SCREW
3PCS RUBBER NUT
9.5MM OD"
YAMAHA,VENTURE Lite ,2008,NACH,06-183,62-06004,06-183,,90150-05024-00,"3PCS SCREW
3PCS RUBBER NUT
9.5MM OD"
YAMAHA,VENTURE Lite ,2008,NACH,06-183,62-06004,06-183,,90179-05523-00,"3PCS SCREW
3PCS RUBBER NUT
9.5MM OD"
YAMAHA,VENTURE Lite ,2009,NACH,06-183,62-06004,06-183,,90150-05024-00,"3PCS SCREW
3PCS RUBBER NUT
9.5MM OD"
YAMAHA,VENTURE Lite ,2009,NACH,06-183,62-06004,06-183,,90179-05523-00,"3PCS SCREW
3PCS RUBBER NUT
9.5MM OD"
YAMAHA,VENTURE Lite ,2010,NACH,06-183,62-06004,06-183,,90150-05024-00,"3PCS SCREW
3PCS RUBBER NUT
9.5MM OD"
YAMAHA,VENTURE Lite ,2010,NACH,06-183,62-06004,06-183,,90179-05523-00,"3PCS SCREW
3PCS RUBBER NUT
9.5MM OD"
YAMAHA,FY NYTRO,2008,NACH,06-183,62-06004,06-183,,90150-05024-00,"3PCS SCREW
3PCS RUBBER NUT
9.5MM OD"
YAMAHA,FY NYTRO,2008,NACH,06-183,62-06004,06-183,,90179-05523-00,"3PCS SCREW
3PCS RUBBER NUT
9.5MM OD"
YAMAHA,FY NYTRO,2009,NACH,06-183,62-06004,06-183,,90150-05024-00,"3PCS SCREW
3PCS RUBBER NUT
9.5MM OD"
YAMAHA,FY NYTRO,2009,NACH,06-183,62-06004,06-183,,90179-05523-00,"3PCS SCREW
3PCS RUBBER NUT
9.5MM OD"
YAMAHA,FY NYTRO,2010,NACH,06-183,62-06004,06-183,,90150-05024-00,"3PCS SCREW
3PCS RUBBER NUT
9.5MM OD"
YAMAHA,FY NYTRO,2010,NACH,06-183,62-06004,06-183,,90179-05523-00,"3PCS SCREW
3PCS RUBBER NUT
9.5MM OD"
YAMAHA,FY NYTRO,2011,NACH,06-183,62-06004,06-183,,90150-05024-00,"3PCS SCREW
3PCS RUBBER NUT
9.5MM OD"
YAMAHA,FY NYTRO,2011,NACH,06-183,62-06004,06-183,,90179-05523-00,"3PCS SCREW
3PCS RUBBER NUT
9.5MM OD"
,,,,,,,,,
,,,,,,,,,
,,,,,,,,,
,,,,,,,,,
,,,,,,,,,
,,,,,,,,,
,,,,,,,,,
,,,,,,,,,
,,,,,,,,,
,,,,,,,,,
,,,,,,,,,
,,,,,,,,,
,,,,,,,,,
,,,,,,,,,
,,,,,,,,,
,,,,,,,,,
,,,,,,,,,
,,,,,,,,,
,,,,,,,,,
,,,,,,,,,
,,,,,,,,,
,,,,,,,,,
,,,,,,,,,
,,,,,,,,,
,,,,,,,,,
,,,,,,,,,
,,,,,,,,,
,,,,,,,,,
,,,,,,,,,
,,,,,,,,,
,,,,,,,,,
,,,,,,,,,
,,,,,,,,,
,,,,,,,,,
,,,,,,,,,
,,,,,,,,,
,,,,,,,,,
,,,,,,,,,
,,,,,,,,,
,,,,,,,,,
,,,,,,,,,
,,,,,,,,,
,,,,,,,,,
,,,,,,,,,
,,,,,,,,,
,,,,,,,,,
,,,,,,,,,
,,,,,,,,,
,,,,,,,,,
,,,,,,,,,
,,,,,,,,,
,,,,,,,,,
,,,,,,,,,
,,,,,,,,,
,,,,,,,,,
,,,,,,,,,
,,,,,,,,,
,,,,,,,,,
,,,,,,,,,
,,,,,,,,,
,,,,,,,,,
,,,,,,,,,
,,,,,,,,,
,,,,,,,,,
,,,,,,,,,
,,,,,,,,,
,,,,,,,,,
,,,,,,,,,
,,,,,,,,,
,,,,,,,,,
,,,,,,,,,
,,,,,,,,,
,,,,,,,,,
,,,,,,,,,
,,,,,,,,,
,,,,,,,,,
,,,,,,,,,
,,,,,,,,,
,,,,,,,,,
,,,,,,,,,
,,,,,,,,,
,,,,,,,,,
,,,,,,,,,
,,,,,,,,,
,,,,,,,,,
,,,,,,,,,
,,,,,,,,,
,,,,,,,,,
,,,,,,,,,
,,,,,,,,,
,,,,,,,,,
,,,,,,,,,
,,,,,,,,,
,,,,,,,,,
,,,,,,,,,
,,,,,,,,,
,,,,,,,,,
,,,,,,,,,
,,,,,,,,,
,,,,,,,,,
,,,,,,,,,
,,,,,,,,,
,,,,,,,,,
,,,,,,,,,
,,,,,,,,,
,,,,,,,,,
,,,,,,,,,
,,,,,,,,,
,,,,,,,,,
,,,,,,,,,
,,,,,,,,,
,,,,,,,,,
,,,,,,,,,
,,,,,,,,,
,,,,,,,,,
,,,,,,,,,
,,,,,,,,,
,,,,,,,,,
,,,,,,,,,
,,,,,,,,,
,,,,,,,,,
,,,,,,,,,
,,,,,,,,,
,,,,,,,,,
,,,,,,,,,
,,,,,,,,,
,,,,,,,,,
,,,,,,,,,
,,,,,,,,,
,,,,,,,,,
,,,,,,,,,
,,,,,,,,,
,,,,,,,,,
,,,,,,,,,
,,,,,,,,,
,,,,,,,,,
,,,,,,,,,
,,,,,,,,,
,,,,,,,,,
,,,,,,,,,
,,,,,,,,,
,,,,,,,,,
,,,,,,,,,
,,,,,,,,,
,,,,,,,,,
,,,,,,,,,
,,,,,,,,,
,,,,,,,,,
,,,,,,,,,
,,,,,,,,,
,,,,,,,,,
,,,,,,,,,
,,,,,,,,,
,,,,,,,,,
,,,,,,,,,
,,,,,,,,,
,,,,,,,,,
,,,,,,,,,
,,,,,,,,,
,,,,,,,,,
,,,,,,,,,
,,,,,,,,,
,,,,,,,,,
,,,,,,,,,
,,,,,,,,,
,,,,,,,,,
,,,,,,,,,
,,,,,,,,,
,,,,,,,,,
,,,,,,,,,
,,,,,,,,,
,,,,,,,,,
,,,,,,,,,
,,,,,,,,,
,,,,,,,,,
,,,,,,,,,
,,,,,,,,,
,,,,,,,,,
,,,,,,,,,
,,,,,,,,,
,,,,,,,,,
,,,,,,,,,
,,,,,,,,,
,,,,,,,,,
,,,,,,,,,
,,,,,,,,,
,,,,,,,,,
,,,,,,,,,
,,,,,,,,,
,,,,,,,,,
,,,,,,,,,
,,,,,,,,,
,,,,,,,,,
,,,,,,,,,
,,,,,,,,,
,,,,,,,,,
,,,,,,,,,
,,,,,,,,,
,,,,,,,,,
,,,,,,,,,
,,,,,,,,,
,,,,,,,,,
,,,,,,,,,
,,,,,,,,,
,,,,,,,,,
,,,,,,,,,
,,,,,,,,,
,,,,,,,,,
,,,,,,,,,
,,,,,,,,,
,,,,,,,,,
,,,,,,,,,
,,,,,,,,,
,,,,,,,,,
,,,,,,,,,
,,,,,,,,,
,,,,,,,,,
,,,,,,,,,
,,,,,,,,,
,,,,,,,,,
,,,,,,,,,
,,,,,,,,,
,,,,,,,,,
,,,,,,,,,
,,,,,,,,,
,,,,,,,,,
,,,,,,,,,
,,,,,,,,,
,,,,,,,,,
,,,,,,,,,
,,,,,,,,,
,,,,,,,,,
,,,,,,,,,
,,,,,,,,,
,,,,,,,,,
,,,,,,,,,
,,,,,,,,,
,,,,,,,,,
,,,,,,,,,
,,,,,,,,,
,,,,,,,,,
,,,,,,,,,
,,,,,,,,,
,,,,,,,,,
,,,,,,,,,
,,,,,,,,,
,,,,,,,,,
,,,,,,,,,
,,,,,,,,,
,,,,,,,,,
,,,,,,,,,
,,,,,,,,,
,,,,,,,,,
,,,,,,,,,
,,,,,,,,,
,,,,,,,,,
,,,,,,,,,
,,,,,,,,,
,,,,,,,,,
,,,,,,,,,
,,,,,,,,,
,,,,,,,,,
,,,,,,,,,
,,,,,,,,,
,,,,,,,,,
,,,,,,,,,
,,,,,,,,,
,,,,,,,,,
,,,,,,,,,
,,,,,,,,,
,,,,,,,,,
,,,,,,,,,
,,,,,,,,,
,,,,,,,,,
,,,,,,,,,
,,,,,,,,,
,,,,,,,,,
,,,,,,,,,
,,,,,,,,,
,,,,,,,,,
,,,,,,,,,
,,,,,,,,,
,,,,,,,,,
,,,,,,,,,
,,,,,,,,,
,,,,,,,,,
,,,,,,,,,
,,,,,,,,,
,,,,,,,,,
,,,,,,,,,
,,,,,,,,,
,,,,,,,,,
,,,,,,,,,
,,,,,,,,,
,,,,,,,,,
,,,,,,,,,
,,,,,,,,,
,,,,,,,,,
,,,,,,,,,
,,,,,,,,,
,,,,,,,,,
,,,,,,,,,
,,,,,,,,,
,,,,,,,,,
,,,,,,,,,
,,,,,,,,,
,,,,,,,,,
,,,,,,,,,
,,,,,,,,,
,,,,,,,,,
,,,,,,,,,
,,,,,,,,,
,,,,,,,,,
,,,,,,,,,
,,,,,,,,,
,,,,,,,,,
,,,,,,,,,
,,,,,,,,,
,,,,,,,,,
,,,,,,,,,
,,,,,,,,,
,,,,,,,,,
,,,,,,,,,
,,,,,,,,,
,,,,,,,,,
,,,,,,,,,
,,,,,,,,,
,,,,,,,,,
,,,,,,,,,
,,,,,,,,,
,,,,,,,,,
,,,,,,,,,
,,,,,,,,,
,,,,,,,,,
,,,,,,,,,
,,,,,,,,,
,,,,,,,,,
,,,,,,,,,
,,,,,,,,,
,,,,,,,,,
,,,,,,,,,
,,,,,,,,,
,,,,,,,,,
,,,,,,,,,
,,,,,,,,,
,,,,,,,,,
,,,,,,,,,
,,,,,,,,,
,,,,,,,,,
,,,,,,,,,
,,,,,,,,,
,,,,,,,,,
,,,,,,,,,
,,,,,,,,,
,,,,,,,,,
,,,,,,,,,
,,,,,,,,,
,,,,,,,,,
,,,,,,,,,
,,,,,,,,,
,,,,,,,,,
,,,,,,,,,
,,,,,,,,,
,,,,,,,,,
,,,,,,,,,
,,,,,,,,,
,,,,,,,,,
,,,,,,,,,
,,,,,,,,,
,,,,,,,,,
,,,,,,,,,
,,,,,,,,,
,,,,,,,,,
,,,,,,,,,
,,,,,,,,,
,,,,,,,,,
,,,,,,,,,
,,,,,,,,,
,,,,,,,,,
,,,,,,,,,
,,,,,,,,,
,,,,,,,,,
,,,,,,,,,
,,,,,,,,,
,,,,,,,,,
,,,,,,,,,
,,,,,,,,,
,,,,,,,,,
,,,,,,,,,
,,,,,,,,,
,,,,,,,,,
,,,,,,,,,
,,,,,,,,,
,,,,,,,,,
,,,,,,,,,
,,,,,,,,,
,,,,,,,,,
,,,,,,,,,
,,,,,,,,,
,,,,,,,,,
,,,,,,,,,
,,,,,,,,,
,,,,,,,,,
,,,,,,,,,
,,,,,,,,,
,,,,,,,,,
,,,,,,,,,
,,,,,,,,,
,,,,,,,,,
,,,,,,,,,
,,,,,,,,,
,,,,,,,,,
,,,,,,,,,
,,,,,,,,,
,,,,,,,,,
,,,,,,,,,
,,,,,,,,,
,,,,,,,,,
,,,,,,,,,
,,,,,,,,,
,,,,,,,,,
,,,,,,,,,
,,,,,,,,,
,,,,,,,,,
,,,,,,,,,
,,,,,,,,,
,,,,,,,,,
,,,,,,,,,
,,,,,,,,,
,,,,,,,,,
,,,,,,,,,
,,,,,,,,,
,,,,,,,,,
,,,,,,,,,
,,,,,,,,,
,,,,,,,,,
,,,,,,,,,
,,,,,,,,,
,,,,,,,,,
,,,,,,,,,
,,,,,,,,,
,,,,,,,,,
,,,,,,,,,
,,,,,,,,,
,,,,,,,,,
,,,,,,,,,
,,,,,,,,,
,,,,,,,,,
,,,,,,,,,
,,,,,,,,,
,,,,,,,,,
,,,,,,,,,
,,,,,,,,,
,,,,,,,,,
,,,,,,,,,
,,,,,,,,,
,,,,,,,,,
,,,,,,,,,
,,,,,,,,,
,,,,,,,,,
,,,,,,,,,
,,,,,,,,,
,,,,,,,,,
,,,,,,,,,
,,,,,,,,,
,,,,,,,,,
,,,,,,,,,
,,,,,,,,,
,,,,,,,,,
,,,,,,,,,
,,,,,,,,,
,,,,,,,,,
,,,,,,,,,
,,,,,,,,,
,,,,,,,,,
,,,,,,,,,
,,,,,,,,,
,,,,,,,,,
,,,,,,,,,
,,,,,,,,,
,,,,,,,,,
,,,,,,,,,
,,,,,,,,,
,,,,,,,,,
,,,,,,,,,
,,,,,,,,,
,,,,,,,,,
,,,,,,,,,
,,,,,,,,,
,,,,,,,,,
,,,,,,,,,
,,,,,,,,,
,,,,,,,,,
,,,,,,,,,
,,,,,,,,,
,,,,,,,,,
,,,,,,,,,
,,,,,,,,,
,,,,,,,,,
,,,,,,,,,
,,,,,,,,,
,,,,,,,,,
,,,,,,,,,
,,,,,,,,,
,,,,,,,,,
,,,,,,,,,
,,,,,,,,,
,,,,,,,,,
,,,,,,,,,
,,,,,,,,,
,,,,,,,,,
,,,,,,,,,
,,,,,,,,,
,,,,,,,,,
,,,,,,,,,
,,,,,,,,,
,,,,,,,,,
,,,,,,,,,
,,,,,,,,,
,,,,,,,,,
,,,,,,,,,
,,,,,,,,,
,,,,,,,,,
,,,,,,,,,
,,,,,,,,,
,,,,,,,,,
,,,,,,,,,
,,,,,,,,,
,,,,,,,,,
,,,,,,,,,
,,,,,,,,,
,,,,,,,,,
,,,,,,,,,
,,,,,,,,,
,,,,,,,,,
,,,,,,,,,
,,,,,,,,,
,,,,,,,,,
,,,,,,,,,
,,,,,,,,,
,,,,,,,,,
,,,,,,,,,
,,,,,,,,,
,,,,,,,,,
,,,,,,,,,
,,,,,,,,,
,,,,,,,,,
,,,,,,,,,
,,,,,,,,,
,,,,,,,,,
,,,,,,,,,
,,,,,,,,,
,,,,,,,,,
,,,,,,,,,
,,,,,,,,,
,,,,,,,,,
,,,,,,,,,
,,,,,,,,,
,,,,,,,,,
,,,,,,,,,
,,,,,,,,,
,,,,,,,,,
,,,,,,,,,
,,,,,,,,,
,,,,,,,,,
,,,,,,,,,
,,,,,,,,,
,,,,,,,,,
,,,,,,,,,
,,,,,,,,,
,,,,,,,,,
,,,,,,,,,
,,,,,,,,,
,,,,,,,,,
,,,,,,,,,
,,,,,,,,,
,,,,,,,,,
,,,,,,,,,
,,,,,,,,,
,,,,,,,,,
,,,,,,,,,
,,,,,,,,,
,,,,,,,,,
,,,,,,,,,
,,,,,,,,,
,,,,,,,,,
,,,,,,,,,
,,,,,,,,,
,,,,,,,,,
,,,,,,,,,
,,,,,,,,,
,,,,,,,,,
,,,,,,,,,
,,,,,,,,,
,,,,,,,,,
,,,,,,,,,
,,,,,,,,,
,,,,,,,,,
,,,,,,,,,
,,,,,,,,,
,,,,,,,,,
,,,,,,,,,
,,,,,,,,,
,,,,,,,,,
,,,,,,,,,
,,,,,,,,,
,,,,,,,,,
,,,,,,,,,
,,,,,,,,,
,,,,,,,,,
,,,,,,,,,
,,,,,,,,,
,,,,,,,,,
,,,,,,,,,
,,,,,,,,,
,,,,,,,,,
,,,,,,,,,
,,,,,,,,,
,,,,,,,,,
,,,,,,,,,
,,,,,,,,,
,,,,,,,,,
,,,,,,,,,
,,,,,,,,,
,,,,,,,,,
,,,,,,,,,
,,,,,,,,,
,,,,,,,,,
,,,,,,,,,
,,,,,,,,,
,,,,,,,,,
,,,,,,,,,
,,,,,,,,,
,,,,,,,,,
,,,,,,,,,
,,,,,,,,,
,,,,,,,,,
,,,,,,,,,
,,,,,,,,,
,,,,,,,,,
,,,,,,,,,
,,,,,,,,,
,,,,,,,,,
,,,,,,,,,
,,,,,,,,,
,,,,,,,,,
,,,,,,,,,
,,,,,,,,,
,,,,,,,,,
,,,,,,,,,
,,,,,,,,,
,,,,,,,,,
,,,,,,,,,
,,,,,,,,,
,,,,,,,,,
,,,,,,,,,
,,,,,,,,,
,,,,,,,,,
,,,,,,,,,
,,,,,,,,,
,,,,,,,,,
,,,,,,,,,
,,,,,,,,,
,,,,,,,,,
,,,,,,,,,
,,,,,,,,,
,,,,,,,,,
,,,,,,,,,
,,,,,,,,,
,,,,,,,,,
,,,,,,,,,
,,,,,,,,,
,,,,,,,,,
,,,,,,,,,
,,,,,,,,,
,,,,,,,,,
,,,,,,,,,
,,,,,,,,,
,,,,,,,,,
,,,,,,,,,
,,,,,,,,,
,,,,,,,,,
,,,,,,,,,
,,,,,,,,,
,,,,,,,,,
,,,,,,,,,
,,,,,,,,,
,,,,,,,,,
,,,,,,,,,
,,,,,,,,,
,,,,,,,,,
,,,,,,,,,
,,,,,,,,,
,,,,,,,,,
,,,,,,,,,
,,,,,,,,,
,,,,,,,,,
,,,,,,,,,
,,,,,,,,,
,,,,,,,,,
,,,,,,,,,
,,,,,,,,,
,,,,,,,,,
,,,,,,,,,
,,,,,,,,,
,,,,,,,,,
,,,,,,,,,
,,,,,,,,,
,,,,,,,,,
,,,,,,,,,
,,,,,,,,,
,,,,,,,,,
,,,,,,,,,
,,,,,,,,,
,,,,,,,,,
,,,,,,,,,
,,,,,,,,,
,,,,,,,,,
,,,,,,,,,
,,,,,,,,,
,,,,,,,,,
,,,,,,,,,
,,,,,,,,,
,,,,,,,,,
,,,,,,,,,
,,,,,,,,,
,,,,,,,,,
,,,,,,,,,
,,,,,,,,,
,,,,,,,,,
,,,,,,,,,
,,,,,,,,,
,,,,,,,,,
,,,,,,,,,
,,,,,,,,,
,,,,,,,,,
,,,,,,,,,
,,,,,,,,,
,,,,,,,,,
,,,,,,,,,
,,,,,,,,,
,,,,,,,,,
,,,,,,,,,
,,,,,,,,,
,,,,,,,,,
,,,,,,,,,
,,,,,,,,,
,,,,,,,,,
,,,,,,,,,
,,,,,,,,,
,,,,,,,,,
,,,,,,,,,
,,,,,,,,,
,,,,,,,,,
,,,,,,,,,
,,,,,,,,,
,,,,,,,,,
,,,,,,,,,
,,,,,,,,,
,,,,,,,,,
,,,,,,,,,
,,,,,,,,,
,,,,,,,,,
,,,,,,,,,
,,,,,,,,,
,,,,,,,,,
,,,,,,,,,
,,,,,,,,,
,,,,,,,,,
,,,,,,,,,
,,,,,,,,,
,,,,,,,,,
,,,,,,,,,
,,,,,,,,,
,,,,,,,,,
,,,,,,,,,
,,,,,,,,,
,,,,,,,,,
,,,,,,,,,
,,,,,,,,,
,,,,,,,,,
,,,,,,,,,
,,,,,,,,,
,,,,,,,,,
,,,,,,,,,
,,,,,,,,,
